{
    "loss": 0.574636697769165,
    "accuracy": 0.9482758641242981
}